Age,Sex,Job,Housing,Saving accounts,Checking account,Credit amount,Duration,Purpose,Interest Rate
67,male,2,own,little,little,1169,6,radio/TV,0.06853041454375175
22,female,2,own,little,moderate,5951,48,radio/TV,0.6101348632335681
49,male,1,own,little,,2096,12,education,0.21446529214677168
45,male,2,free,little,little,7882,42,furniture/equipment,0.5006986036759056
53,male,2,free,little,little,4870,24,car,0.31285285015626974
35,male,1,free,,,9055,36,education,0.5639462706209277
53,male,2,own,quite rich,,2835,24,furniture/equipment,0.12970377076323458
35,male,3,rent,little,moderate,6948,36,car,0.5984328544981344
61,male,1,own,rich,,3059,12,radio/TV,0.03113751618202465
28,male,3,own,little,moderate,5234,30,car,0.4566357516224435
25,female,2,rent,little,moderate,1295,12,car,0.5137029097921417
24,female,2,rent,little,little,4308,48,business,0.6921920274022237
22,female,2,own,little,moderate,1567,12,radio/TV,0.30003767681718774
60,male,1,own,little,little,1199,24,car,0.20734207029099394
28,female,2,rent,little,little,1403,15,car,0.4069820020009056
32,female,1,own,moderate,little,1282,24,radio/TV,0.22806638760837072
53,male,2,own,,,2424,24,radio/TV,0.15020258857871316
25,male,2,own,,little,8072,30,business,0.3395339050032061
44,female,3,free,little,moderate,12579,24,car,0.5330883605445513
31,male,2,own,quite rich,,3430,24,radio/TV,0.11504607795941335
48,male,2,own,little,,2134,9,car,0.1521383458563823
44,male,2,rent,quite rich,little,2647,6,radio/TV,0.08099614411017353
48,male,1,rent,little,little,2241,10,car,0.23434806165459565
44,male,2,own,moderate,moderate,1804,12,car,0.22576391744933555
26,male,2,own,,,2069,10,furniture/equipment,0.21236839195537882
36,male,1,own,little,little,1374,6,furniture/equipment,0.16927190627748467
39,male,1,own,little,,426,6,radio/TV,0.10632499667608519
42,female,2,rent,rich,rich,409,12,radio/TV,0.08265743183523833
34,male,2,own,little,moderate,2415,7,radio/TV,0.17503940264561868
63,male,2,own,little,little,6836,60,business,0.45252579951191896
36,male,2,own,rich,moderate,1913,18,business,0.12597378847218532
27,male,2,own,little,little,4020,24,furniture/equipment,0.3049430619573298
30,male,2,own,moderate,moderate,5866,18,car,0.3105650081543633
57,male,1,rent,,,1264,12,business,0.21039153267026978
33,female,3,own,little,rich,1474,12,furniture/equipment,0.24863321542998496
25,male,1,own,little,moderate,4746,45,radio/TV,0.498265808865588
31,male,2,free,little,,6110,48,education,0.6766808635260799
37,male,2,own,little,rich,2100,18,radio/TV,0.14848535758844028
37,male,2,own,little,rich,1225,10,domestic appliances,0.20685511060255635
24,male,2,own,little,moderate,458,9,radio/TV,0.21227340899903213
30,male,3,own,quite rich,,2333,30,radio/TV,0.13832763262114267
26,male,2,own,quite rich,moderate,1158,12,radio/TV,0.13035834932726365
44,male,1,own,little,moderate,6204,18,repairs,0.3842126986384008
24,male,2,rent,moderate,little,6187,30,car,0.429355575248061
58,female,1,free,little,little,6143,48,car,0.5866724815330809
35,female,3,own,little,,1393,11,car,0.24363516476590485
39,male,2,own,quite rich,,2299,36,radio/TV,0.15031592317400622
23,female,0,rent,quite rich,little,1352,6,car,0.2257880963108191
39,male,1,own,little,,7228,11,car,0.18450593948740457
28,female,2,own,moderate,,2073,12,radio/TV,0.16566462883395883
29,male,1,own,,moderate,2333,24,furniture/equipment,0.41681958841612865
30,male,3,own,little,moderate,5965,27,car,0.42146724369092736
25,male,2,own,little,,1262,12,radio/TV,0.15293413168088255
31,male,2,own,,,3378,18,car,0.24617457661721232
57,male,2,free,little,moderate,2225,36,car,0.5201809702552747
26,male,1,own,,,783,6,car,0.19126101267878648
52,male,3,own,,moderate,6468,12,radio/TV,0.1550707267038267
31,female,2,own,little,,9566,36,radio/TV,0.34693150110976123
23,female,3,own,little,rich,1961,18,car,0.32258252841652546
23,female,1,rent,little,little,6229,36,furniture/equipment,0.621149381461016
27,male,2,own,little,moderate,1391,9,business,0.2783964914909004
50,male,2,own,,moderate,1537,15,radio/TV,0.17983692980116472
61,male,3,free,little,moderate,1953,36,business,0.48092380223574827
25,male,2,own,little,moderate,14421,48,business,0.6138868281858154
26,female,2,own,little,,3181,24,radio/TV,0.2745216394799723
48,male,2,own,,,5190,27,repairs,0.3264301161646401
29,female,2,own,little,,2171,12,radio/TV,0.18952278600853956
22,male,2,own,rich,moderate,1007,12,car,0.13493159149267808
37,male,2,free,little,,1819,36,education,0.5538543316722429
25,female,2,own,,,2394,36,radio/TV,0.3731513886932215
30,female,2,own,little,,8133,36,car,0.4661021984058421
46,male,1,rent,,,730,7,radio/TV,0.15007522792917483
51,male,3,free,little,little,1164,8,vacation/others,0.18970457213083058
41,female,1,own,little,moderate,5954,42,business,0.5884285410391721
40,male,3,own,,little,1977,36,education,0.4175915806842747
66,male,3,free,little,little,1526,12,car,0.1899961846574656
34,male,2,own,little,little,3965,42,radio/TV,0.3151387857887591
51,male,2,own,little,moderate,4771,11,radio/TV,0.15627999814347715
39,male,1,own,,,9436,54,car,0.5169219865542398
22,male,2,own,little,moderate,3832,30,furniture/equipment,0.4915731469527017
44,female,2,own,,,5943,24,radio/TV,0.219290108677054
47,male,2,own,quite rich,,1213,15,radio/TV,0.06782728737711197
24,female,1,rent,moderate,,1568,18,business,0.395187061597578
58,female,1,own,little,little,1755,24,vacation/others,0.25254894099734215
52,male,1,own,little,little,2315,10,radio/TV,0.0998578222265285
29,female,3,own,little,,1412,12,business,0.2559621754329331
27,female,2,own,little,moderate,1295,18,furniture/equipment,0.44563662583300956
47,male,2,free,moderate,moderate,12612,36,education,0.5842962045942592
30,male,3,own,moderate,little,2249,18,car,0.21322341956997104
28,male,2,own,little,little,1108,12,repairs,0.28196685370173324
56,male,2,own,little,,618,12,radio/TV,0.09863538986409814
54,male,2,own,little,little,1409,12,car,0.15385470064364082
33,female,1,own,,,797,12,radio/TV,0.18401050129677277
20,male,2,rent,,rich,3617,24,furniture/equipment,0.4273198961226714
54,male,2,own,rich,moderate,1318,12,car,0.084930699859881
58,male,2,rent,little,moderate,15945,54,business,0.6492518735478523
61,female,2,own,,,2012,12,education,0.2328699641705504
34,male,2,own,moderate,moderate,2622,18,business,0.2844737954123915
36,male,2,own,little,moderate,2337,36,radio/TV,0.3702461852660972
36,male,3,rent,,moderate,7057,20,car,0.45076342217243337
41,male,1,rent,moderate,,1469,24,car,0.32275304439086583
24,male,2,rent,little,moderate,2323,36,radio/TV,0.5339362543576808
24,female,2,own,little,,932,6,radio/TV,0.16983915642715164
35,male,2,rent,little,moderate,1919,9,furniture/equipment,0.3708575762896684
26,male,2,rent,,,2445,12,car,0.314147141177779
39,male,3,own,little,moderate,11938,24,vacation/others,0.33494835003857915
39,male,3,own,little,,6458,18,car,0.21734898893509835
32,male,2,own,little,moderate,6078,12,car,0.2956883142346777
30,female,2,own,,little,7721,24,furniture/equipment,0.3645923949932952
35,male,2,own,quite rich,moderate,1410,14,business,0.17335132712621415
31,male,2,own,moderate,moderate,1449,6,business,0.21313826777870037
23,female,2,rent,little,rich,392,15,education,0.48817385294056403
28,male,1,rent,little,moderate,6260,18,car,0.47801197766151704
25,female,2,own,little,,7855,36,car,0.4864647005871058
35,male,2,own,quite rich,little,1680,12,radio/TV,0.0733726990530501
47,male,2,own,,,3578,48,radio/TV,0.3168298772004332
30,female,3,own,,little,7174,42,radio/TV,0.3968521589920563
27,female,2,rent,,little,2132,10,furniture/equipment,0.37079517493013125
23,female,2,own,quite rich,little,4281,33,furniture/equipment,0.3166792142051078
36,male,3,own,quite rich,moderate,2366,12,car,0.16649371404392965
25,female,2,own,little,little,1835,21,radio/TV,0.25707195357771484
41,female,3,rent,little,,3868,24,car,0.42756294014751306
24,male,1,rent,little,,1768,12,furniture/equipment,0.33023993404704355
63,male,2,free,little,rich,781,10,car,0.18200240524507805
27,female,2,rent,,moderate,1924,18,furniture/equipment,0.562891703597638
30,male,2,own,little,little,2121,12,car,0.2112291896771371
40,male,1,own,little,little,701,12,radio/TV,0.12695525388939866
30,male,2,own,little,moderate,639,12,repairs,0.3834702782369014
34,male,3,own,little,moderate,1860,12,car,0.2858038762993218
29,female,2,own,little,little,3499,12,car,0.2730977475370453
24,female,2,own,,moderate,8487,48,car,0.7082353829029329
29,male,2,own,little,little,6887,36,education,0.46492379807795936
27,male,1,own,little,,2708,15,furniture/equipment,0.2456778977026567
47,male,2,free,little,,1984,18,furniture/equipment,0.2919283229090618
21,female,2,own,moderate,,10144,60,radio/TV,0.554342534945223
38,female,2,own,,,1240,12,radio/TV,0.16843558007801296
27,male,2,own,rich,,8613,27,car,0.12965005759366088
66,male,1,own,quite rich,moderate,766,12,radio/TV,0.07449767665073936
35,male,2,own,,moderate,2728,15,radio/TV,0.21802486473693095
44,female,1,rent,little,rich,1881,12,radio/TV,0.22211485649872043
27,male,0,own,rich,rich,709,6,car,0.06584271647163631
30,female,3,own,little,moderate,4795,36,radio/TV,0.4652027421518258
27,male,3,own,little,little,3416,27,radio/TV,0.2260646898780665
22,male,2,own,little,little,2462,18,furniture/equipment,0.2775228515275422
23,female,2,own,little,,2288,21,furniture/equipment,0.3685948471648869
30,male,2,own,moderate,moderate,3566,48,business,0.5567226122820866
39,female,2,own,little,little,860,6,car,0.20548317037874397
51,female,2,own,moderate,,682,12,car,0.18111463374299996
28,male,2,own,little,little,5371,36,furniture/equipment,0.3993565170227331
46,male,2,own,rich,,1582,18,radio/TV,0.047467712925466365
42,male,2,free,moderate,,1346,6,radio/TV,0.12895396022626815
38,male,2,own,little,,1924,10,radio/TV,0.11957967674554537
24,male,2,own,little,rich,5848,36,radio/TV,0.29068915963705155
29,female,2,rent,rich,moderate,7758,24,car,0.3199947400347696
36,male,3,rent,moderate,moderate,6967,24,business,0.42556625293695893
20,female,2,rent,little,little,1282,12,furniture/equipment,0.41558455017457774
48,male,2,own,moderate,little,1288,9,repairs,0.17539090765102128
45,male,1,own,little,little,339,12,education,0.22629668351464471
38,male,2,own,moderate,moderate,3512,24,car,0.3309054286676263
34,male,1,own,,,1898,6,radio/TV,0.11392560159248699
36,male,2,own,moderate,,2872,24,radio/TV,0.16265098945843004
30,female,2,own,little,,1055,18,car,0.3160538349815649
36,male,2,own,quite rich,,1262,15,domestic appliances,0.14780569557249268
70,male,3,free,little,moderate,7308,10,car,0.247952950294825
36,male,2,own,quite rich,,909,36,car,0.2309295642620326
32,male,2,own,quite rich,,2978,6,furniture/equipment,0.0982968679137447
33,female,2,own,little,little,1131,18,furniture/equipment,0.30867293249690864
20,female,2,own,rich,moderate,1577,11,furniture/equipment,0.17898503705308733
25,female,2,rent,little,,3972,24,furniture/equipment,0.5017224796689861
31,male,2,own,little,moderate,1935,24,business,0.3835108820644595
33,male,2,rent,little,little,950,15,car,0.31389521415058097
26,female,2,own,little,,763,12,furniture/equipment,0.28708080883853926
34,female,3,own,little,moderate,2064,24,furniture/equipment,0.46473565922543936
33,male,2,own,little,moderate,1414,8,radio/TV,0.18309041306108764
26,male,2,own,little,little,3414,21,education,0.3480323338646928
53,female,3,own,,,7485,30,car,0.3208769178292732
42,male,2,own,little,little,2577,12,furniture/equipment,0.18263768797928337
52,male,2,own,quite rich,little,338,6,radio/TV,0.04627313270744293
31,male,3,rent,little,,1963,12,radio/TV,0.20371507202379957
65,male,2,own,little,little,571,21,car,0.1744159013985006
28,male,2,own,little,,9572,36,business,0.3775586457659529
30,male,3,own,little,moderate,4455,36,business,0.48635813575874765
40,male,1,own,,little,1647,21,car,0.2447478463913464
50,male,2,own,rich,,3777,24,furniture/equipment,0.08629045656006651
36,male,2,own,little,moderate,884,18,car,0.33111600267346497
31,male,2,own,little,,1360,15,radio/TV,0.1544084483564122
74,female,3,free,little,moderate,5129,9,car,0.2931786992360286
68,male,0,free,little,moderate,1175,16,car,0.31659776277392304
20,male,2,own,moderate,little,674,12,radio/TV,0.14071180662308203
33,female,2,own,little,moderate,3244,18,furniture/equipment,0.42066671493474705
54,male,3,own,rich,,4591,24,business,0.07352004494278919
34,male,1,free,moderate,moderate,3844,48,business,0.6597957172056703
36,male,2,own,little,moderate,3915,27,business,0.38900387513325774
29,male,2,rent,little,,2108,6,radio/TV,0.17896442166160997
21,male,2,rent,moderate,moderate,3031,45,radio/TV,0.5815696051672588
34,female,3,own,little,moderate,1501,9,education,0.40215891718591823
28,female,2,own,little,,1382,6,radio/TV,0.16075630437958022
27,female,2,rent,moderate,moderate,951,12,furniture/equipment,0.4644729617660487
36,male,2,free,,moderate,2760,24,car,0.49616843384274045
40,male,3,own,little,moderate,4297,18,furniture/equipment,0.31286386097249963
52,male,2,own,quite rich,,936,9,education,0.10531954191174697
27,male,1,own,little,little,1168,12,car,0.22419193073882904
26,male,2,own,little,,5117,27,business,0.31356980684248414
21,male,2,rent,little,little,902,12,education,0.40263856066555404
38,male,1,own,little,,1495,12,car,0.1946048732233968
38,male,3,free,little,little,10623,30,car,0.4097622329974451
43,male,2,own,little,,1935,12,furniture/equipment,0.18045183721582936
26,male,2,own,little,moderate,1424,12,domestic appliances,0.366653057363062
21,male,1,own,little,little,6568,24,business,0.31232068512562317
55,male,2,own,rich,,1413,12,car,0.0529111515402525
33,male,2,own,,,3074,9,radio/TV,0.12408112820416262
45,female,1,own,,,3835,36,radio/TV,0.30560548815655386
50,male,2,own,little,little,5293,27,business,0.23636866821840175
66,male,3,own,little,rich,1908,30,business,0.19836564398080758
51,male,2,own,,,3342,36,radio/TV,0.2196534741619086
39,female,1,own,,moderate,932,6,education,0.36951823800993044
31,male,2,own,little,little,3104,18,business,0.23395617665583823
23,male,2,own,little,rich,3913,36,radio/TV,0.29497314216725434
24,male,1,rent,little,little,3021,24,furniture/equipment,0.4316920281284756
64,female,2,own,little,,1364,10,car,0.1661001596448729
26,male,1,own,little,moderate,625,12,radio/TV,0.22970447294534746
23,female,2,rent,,little,1200,12,education,0.47451991211358713
30,male,2,own,little,,707,12,radio/TV,0.14289083707086625
32,male,2,own,,,2978,24,business,0.27200258942207
30,male,2,own,little,,4657,15,car,0.22887935367861967
27,male,2,own,little,,2613,36,repairs,0.48702627834833445
27,male,2,own,rich,moderate,10961,48,radio/TV,0.24338811353640122
53,male,3,free,little,little,7865,12,furniture/equipment,0.22448416618040956
22,male,2,own,little,,1478,9,radio/TV,0.14523969545997795
22,male,2,free,little,little,3149,24,furniture/equipment,0.4338378530777889
26,male,2,own,little,rich,4210,36,radio/TV,0.2848273846835637
51,male,1,free,quite rich,,2507,9,car,0.1268953060356155
35,male,2,own,moderate,,2141,12,radio/TV,0.11346825587320952
25,male,1,own,little,moderate,866,18,radio/TV,0.27352480702432014
42,male,1,own,little,,1544,4,radio/TV,0.09513024836740702
30,male,3,own,little,little,1823,24,radio/TV,0.20031343368777443
23,male,0,own,,moderate,14555,6,car,0.2872733133094105
61,male,1,rent,moderate,moderate,2767,21,business,0.3200915852686025
35,female,2,own,little,,1291,12,radio/TV,0.17533577144290402
39,male,2,own,little,little,2522,30,radio/TV,0.21603705488158842
29,female,2,own,,little,915,24,car,0.36867288336908
51,male,2,own,little,,1595,6,radio/TV,0.08696466034590566
24,male,2,free,little,little,4605,48,car,0.6349961694337954
27,female,2,own,little,,1185,12,business,0.2672115078073465
35,female,1,own,quite rich,,3447,12,education,0.19619594652757322
25,male,2,own,little,,1258,24,business,0.2958588454600649
52,male,2,own,little,,717,12,radio/TV,0.10452677609813021
35,male,2,rent,moderate,,1204,6,car,0.21061289223700363
26,male,2,own,little,rich,1925,24,furniture/equipment,0.2976001038202635
22,female,2,rent,little,,433,18,radio/TV,0.3440102688720401
39,female,1,own,rich,little,666,6,car,0.07652769422228756
46,female,1,own,little,rich,2251,12,furniture/equipment,0.2196546394872444
24,female,2,own,little,moderate,2150,30,car,0.5619164345428906
35,male,2,own,moderate,,4151,24,furniture/equipment,0.24346852624843063
24,male,2,own,,moderate,2030,9,furniture/equipment,0.30506832003104356
27,male,1,own,,moderate,7418,60,radio/TV,0.6220561901461141
35,male,1,own,little,,2684,24,radio/TV,0.1951801070008624
29,male,2,free,little,little,2149,12,radio/TV,0.21349428663357695
23,female,2,own,moderate,,3812,15,car,0.27813985105545425
57,female,1,own,moderate,,1154,11,radio/TV,0.1095567916602529
27,male,2,own,little,little,1657,12,furniture/equipment,0.2221046390491277
55,female,2,own,little,little,1603,24,radio/TV,0.19186401799212704
36,male,3,free,little,little,5302,18,car,0.31967566365950917
57,female,1,free,little,,2748,12,education,0.3477089348072574
32,male,1,own,little,,1231,10,car,0.1986014614705841
37,male,2,own,little,moderate,802,15,radio/TV,0.21330003194531655
36,male,2,own,,,6304,36,business,0.34933924914209136
38,female,2,own,little,,1533,24,radio/TV,0.23823510871652565
45,male,3,own,little,little,8978,14,car,0.17810406803709955
25,male,2,own,,,999,24,radio/TV,0.21821376670098025
32,male,2,own,,,2662,18,car,0.24348640850603676
37,female,2,rent,quite rich,,1402,12,furniture/equipment,0.2179140764444769
36,male,3,free,,moderate,12169,48,car,0.6916070129747172
28,male,2,own,little,moderate,3060,48,radio/TV,0.5079538169428193
34,male,1,own,little,little,11998,30,repairs,0.40630023949256655
32,male,2,own,little,,2697,9,radio/TV,0.1259488032490369
26,female,2,own,little,,2404,18,radio/TV,0.2337015877099925
49,male,1,own,,little,1262,12,furniture/equipment,0.17028484628506568
32,female,2,own,little,,4611,6,furniture/equipment,0.2256119549469685
29,male,3,rent,moderate,,1901,24,radio/TV,0.254335934341668
23,male,2,rent,rich,,3368,15,car,0.14313829051691407
50,male,2,own,little,,1574,12,furniture/equipment,0.16439931864904656
49,male,1,own,,rich,1445,18,radio/TV,0.12852171094324016
63,male,2,own,,,1520,15,furniture/equipment,0.1508993819518767
37,male,2,own,moderate,moderate,3878,24,car,0.3343130793055865
35,female,1,own,little,little,10722,47,car,0.550159486962452
26,male,2,own,little,little,4788,48,car,0.5115599188448787
31,male,3,free,moderate,moderate,7582,48,vacation/others,0.6498955110887044
49,female,2,own,little,moderate,1092,12,radio/TV,0.21696884579690823
48,male,2,own,little,little,1024,24,radio/TV,0.16127583003808643
26,male,2,own,little,,1076,12,business,0.21116300138733868
28,male,3,rent,little,moderate,9398,36,car,0.6240227032489243
44,female,3,free,little,little,6419,24,car,0.4147505975750454
56,male,2,free,little,rich,4796,42,car,0.4406304125869215
46,male,3,own,,,7629,48,business,0.40678248916329496
26,female,2,own,little,moderate,9960,48,furniture/equipment,0.7037928683670429
20,female,2,rent,,,4675,12,car,0.41018335671721395
45,male,1,own,,,1287,10,car,0.16717407034664156
43,male,2,own,little,,2515,18,furniture/equipment,0.21465232456507255
32,male,2,own,rich,moderate,2745,21,furniture/equipment,0.1566499288905574
54,female,0,own,little,,672,6,car,0.17591147307757227
42,female,2,own,little,moderate,3804,36,radio/TV,0.42404305658665453
37,male,1,own,,rich,1344,24,car,0.264113126999468
49,male,2,own,little,little,1038,10,car,0.15507606975175392
44,male,2,free,quite rich,,10127,48,car,0.39070369981574293
33,male,2,own,rich,,1543,6,furniture/equipment,0.06112313300873251
24,female,1,rent,,,4811,30,car,0.562072720133879
33,male,1,own,moderate,little,727,12,radio/TV,0.11975046364535114
24,female,2,own,little,moderate,1237,8,furniture/equipment,0.37002079157937584
22,male,1,rent,little,moderate,276,9,car,0.42477014441047134
40,male,0,free,,moderate,5381,48,vacation/others,0.6756439214378152
25,male,2,own,moderate,,5511,24,furniture/equipment,0.27390293936238974
26,female,2,own,little,rich,3749,24,furniture/equipment,0.36878868868837045
25,male,1,own,little,moderate,685,12,car,0.3281227031101096
29,male,1,own,,rich,1494,4,car,0.1651307028293456
31,male,2,own,little,little,2746,36,furniture/equipment,0.38920402666202814
38,male,1,own,little,little,708,12,furniture/equipment,0.19716247195774006
48,female,1,own,,moderate,4351,24,furniture/equipment,0.42000351019684923
32,male,2,own,little,,701,12,education,0.26020579076963624
27,female,1,own,little,little,3643,15,furniture/equipment,0.3103676652344154
28,male,3,own,little,moderate,4249,30,car,0.4572026177839781
32,male,2,own,little,little,1938,24,radio/TV,0.1991389867739014
34,male,3,free,little,little,2910,24,car,0.3775906036915969
28,male,2,own,rich,little,2659,18,furniture/equipment,0.098116764263398
36,female,2,own,little,,1028,18,car,0.29544068261440903
39,male,1,own,little,little,3398,8,car,0.16994830879025957
49,male,2,rent,,,5801,12,furniture/equipment,0.24107878367532865
34,female,2,own,rich,,1525,24,car,0.14378326796394825
31,male,2,own,little,rich,4473,36,radio/TV,0.2684990967002947
28,male,2,own,little,moderate,1068,6,radio/TV,0.18448454128756087
75,male,3,free,little,little,6615,24,car,0.23638840202504552
30,female,2,own,moderate,,1864,18,education,0.34251947898131074
24,female,3,own,moderate,moderate,7408,60,car,0.7538188021169686
24,female,1,rent,moderate,,11590,48,car,0.6696174925406218
23,male,2,rent,little,little,4110,24,furniture/equipment,0.4288375282854521
44,male,3,rent,little,little,3384,6,furniture/equipment,0.21365806831638978
23,female,1,own,little,moderate,2101,13,radio/TV,0.30938770101092705
24,female,2,rent,,little,1275,15,domestic appliances,0.4755096370731564
28,male,2,own,little,little,4169,24,furniture/equipment,0.30144753003537417
31,male,1,own,little,moderate,1521,10,furniture/equipment,0.29443840989881076
24,female,2,free,little,moderate,5743,24,education,0.6898592471093656
26,female,1,rent,little,little,3599,21,furniture/equipment,0.47704369611319075
25,male,2,rent,quite rich,moderate,3213,18,radio/TV,0.23216065955549892
33,male,3,own,little,moderate,4439,18,business,0.3195747822090397
37,male,1,own,little,rich,3949,10,car,0.17678187080689445
43,female,1,own,little,,1459,15,radio/TV,0.17592831372187556
23,male,2,own,little,moderate,882,13,radio/TV,0.24029901060879533
23,female,0,rent,quite rich,moderate,3758,24,radio/TV,0.3609406894223808
34,male,1,own,moderate,,1743,6,business,0.13928170477267177
32,male,2,free,rich,moderate,1136,9,education,0.2054250654731754
23,female,2,rent,little,,1236,9,domestic appliances,0.42573426298187345
29,female,2,own,little,moderate,959,9,furniture/equipment,0.35980084397648293
38,male,3,own,,,3229,18,car,0.22140562614605297
28,male,2,rent,little,little,6199,12,radio/TV,0.2143098323720687
46,male,2,free,quite rich,,727,10,education,0.17786361138190265
23,male,1,own,little,moderate,1246,24,car,0.4376920611060966
49,male,2,own,,,2331,12,radio/TV,0.10880053174080961
26,male,3,own,little,,4463,36,radio/TV,0.2909852019888953
28,male,2,own,little,,776,12,radio/TV,0.14688502202878184
23,female,2,rent,little,little,2406,30,furniture/equipment,0.564746779640322
61,male,2,free,,moderate,1239,18,education,0.41761090699971337
37,male,3,own,,rich,3399,12,radio/TV,0.1200042946710036
36,female,2,own,little,rich,2247,12,car,0.2413300309154297
21,male,2,rent,little,,1766,6,furniture/equipment,0.28877485116841384
25,male,0,own,little,little,2473,18,furniture/equipment,0.2779264983475044
36,male,2,own,little,,1542,12,business,0.18527479204485897
27,male,2,own,little,,3850,18,car,0.2581867720298928
22,female,2,rent,little,little,3650,18,furniture/equipment,0.4597645474365115
42,male,2,own,little,little,3446,36,furniture/equipment,0.34740091389663597
40,female,2,rent,little,moderate,3001,18,furniture/equipment,0.5099505796425391
36,male,2,own,,,3079,36,car,0.36659687566764165
33,male,2,own,little,,6070,18,radio/TV,0.16314724927921154
23,female,2,rent,little,,2146,10,furniture/equipment,0.3860280496989055
63,male,3,free,,,13756,60,car,0.5769880943134981
60,female,3,free,moderate,moderate,14782,60,vacation/others,0.7094470897352032
37,female,2,rent,little,little,7685,48,business,0.643813451264091
34,male,2,own,little,,2320,18,radio/TV,0.16212544708033316
36,male,2,free,,,846,7,radio/TV,0.16859167275873066
57,male,3,free,little,moderate,14318,36,car,0.5068502050656881
52,female,1,own,moderate,,362,6,car,0.1523250693116429
39,male,2,own,,little,2212,20,furniture/equipment,0.2388318170148328
38,female,3,free,little,moderate,12976,18,car,0.5028248063973513
25,female,2,rent,,,1283,22,car,0.48155957180443576
26,male,2,own,little,rich,1330,12,car,0.21301616679670587
26,male,1,own,moderate,,4272,30,business,0.3041901441872841
25,female,2,own,little,,2238,18,radio/TV,0.2366848329038942
21,female,2,rent,,,1126,18,radio/TV,0.3473108524444043
40,male,3,own,little,moderate,7374,18,furniture/equipment,0.31133176929396433
27,male,2,own,quite rich,moderate,2326,15,business,0.1980814533959422
27,female,2,own,little,,1449,9,business,0.24634668702685014
30,male,3,own,little,,1820,18,car,0.2451543183106144
19,female,1,rent,rich,moderate,983,12,furniture/equipment,0.2746002836384679
39,male,3,free,little,little,3249,36,car,0.4634356214818016
31,female,2,own,little,little,1957,6,radio/TV,0.15413312669751944
31,male,3,own,little,,2406,9,furniture/equipment,0.18937697537195208
32,male,2,rent,moderate,moderate,11760,39,education,0.6664603179029607
55,female,3,free,little,little,2578,12,furniture/equipment,0.2820539480476524
46,male,2,own,little,little,2348,36,furniture/equipment,0.33342442794391824
46,male,2,rent,little,moderate,1223,12,car,0.35188249224417
43,female,1,own,rich,,1516,24,radio/TV,0.08456267990136379
39,male,2,own,little,,1473,18,radio/TV,0.15167368461232622
28,male,2,own,,moderate,1887,18,business,0.3444583521030734
27,male,2,own,little,,8648,24,business,0.28564393204085226
27,male,1,own,little,,802,14,car,0.23720860701379687
43,male,2,own,,moderate,2899,18,car,0.30550568843806714
22,male,2,own,little,moderate,2039,24,radio/TV,0.3232832917947054
43,male,2,own,,,2197,24,car,0.25100598600101254
27,male,2,own,little,little,1053,15,radio/TV,0.16315710068525657
26,male,3,own,quite rich,,3235,24,radio/TV,0.12088572168513656
28,male,2,own,quite rich,rich,939,12,car,0.11924584813703298
20,female,2,own,little,moderate,1967,24,radio/TV,0.4059843651095495
35,male,3,own,little,,7253,33,car,0.33751067193138684
42,male,3,own,little,,2292,12,business,0.16724640075137254
40,male,1,rent,quite rich,,1597,10,car,0.15263470778834443
35,female,2,own,,little,1381,24,car,0.34610704544011384
35,male,2,own,little,,5842,36,car,0.3688735892644628
33,male,1,own,little,little,2579,12,car,0.2072018083938174
23,female,2,rent,,little,8471,18,education,0.5246439638581986
31,female,3,own,quite rich,,2782,21,car,0.20262219204012533
33,female,2,own,,moderate,1042,18,car,0.41840061587006305
20,female,2,rent,rich,,3186,15,car,0.19546590385861828
30,male,2,own,,moderate,2028,12,car,0.304465647567679
47,male,1,own,little,moderate,958,12,car,0.25469576043152475
34,male,3,own,moderate,,1591,21,furniture/equipment,0.22344503886735445
25,female,2,own,,moderate,2762,12,furniture/equipment,0.3996685954864291
21,male,2,rent,little,moderate,2779,18,car,0.5020364444312887
29,male,2,own,little,,2743,28,radio/TV,0.2314871659822274
46,male,2,own,rich,,1149,18,radio/TV,0.04751313884999775
20,male,2,own,little,,1313,9,furniture/equipment,0.22304500582288944
55,female,0,free,little,little,1190,18,repairs,0.42459252050663865
74,male,1,own,little,,3448,5,business,0.08870932017514843
29,male,3,own,little,moderate,11328,24,vacation/others,0.3722741573516467
36,male,3,free,little,little,1872,6,furniture/equipment,0.23722563980144573
33,male,2,own,little,,2058,24,repairs,0.3582713706661387
25,male,2,own,little,little,2136,9,furniture/equipment,0.20900757182588592
25,male,2,own,,moderate,1484,12,radio/TV,0.2277443738551146
23,male,1,rent,quite rich,,660,6,repairs,0.22557431230754965
37,female,2,own,rich,,1287,24,car,0.13796870513160897
65,male,0,own,little,little,3394,42,repairs,0.4010348695271869
26,female,0,own,little,rich,609,12,business,0.2696133699055059
39,male,3,own,little,,1884,12,car,0.18420677614687575
30,female,2,own,little,little,1620,12,furniture/equipment,0.2736082400588332
29,male,2,own,little,moderate,2629,20,vacation/others,0.34932729498784
41,male,1,own,little,,719,12,education,0.23768336486383101
30,female,3,own,little,moderate,5096,48,furniture/equipment,0.6870979147501051
41,female,1,rent,,,1244,9,education,0.3829237354589552
34,female,2,own,little,little,1842,36,car,0.4536312099825319
35,male,2,own,little,moderate,2576,7,radio/TV,0.17265905885893373
55,female,3,own,,rich,1424,12,furniture/equipment,0.18813096174077493
61,male,2,own,rich,moderate,1512,15,repairs,0.1156592076121794
30,male,3,own,,,11054,36,car,0.3790791620977416
29,female,2,own,little,,518,6,radio/TV,0.15885024440681728
34,male,2,own,little,,2759,12,furniture/equipment,0.20271685784264803
35,male,3,own,little,,2670,24,car,0.27089832562852467
31,male,2,own,little,little,4817,24,car,0.28803849605308884
29,female,3,own,little,,2679,24,car,0.3618544199095184
36,male,2,rent,little,little,3905,11,car,0.27240731505706983
35,male,2,free,little,little,3386,12,car,0.28356877846062756
27,female,2,own,little,little,343,6,domestic appliances,0.2802036989326271
32,male,2,own,little,,4594,18,radio/TV,0.16584415321944168
37,male,2,own,little,little,3620,36,furniture/equipment,0.36589069724720513
36,male,2,own,little,little,1721,15,car,0.21331784278343813
34,female,3,rent,little,moderate,3017,12,furniture/equipment,0.4735557954618841
38,male,2,own,,moderate,754,12,education,0.34275783955315375
34,male,2,own,little,,1950,18,business,0.22582643097576216
63,male,2,own,little,little,2924,24,car,0.19482755086960812
29,female,1,rent,little,little,1659,24,radio/TV,0.37311627564960825
32,male,2,own,,,7238,48,radio/TV,0.3696156064738123
26,female,2,own,little,,2764,33,business,0.44153558032279483
35,male,1,own,little,,4679,24,car,0.28007473273624717
22,male,2,rent,moderate,moderate,3092,24,radio/TV,0.38972514656492685
23,female,2,own,little,little,448,6,education,0.31206695930548967
28,male,1,own,little,little,654,9,car,0.20340061620769057
36,male,3,own,,,1238,6,education,0.2052512120412533
33,male,2,own,little,moderate,1245,18,radio/TV,0.24367965571706152
26,female,2,rent,little,little,3114,18,furniture/equipment,0.4440236961726234
24,male,2,own,quite rich,,2569,39,car,0.28827943148519297
25,male,2,own,little,rich,5152,24,radio/TV,0.2072338793701255
39,male,1,own,moderate,moderate,1037,12,business,0.2329175095019016
44,male,2,own,little,little,1478,15,furniture/equipment,0.19471399777545717
23,female,1,own,little,moderate,3573,12,radio/TV,0.3009765632028465
26,male,2,own,little,moderate,1201,24,car,0.41961626386347495
57,female,2,rent,rich,little,3622,30,furniture/equipment,0.18891739355086667
30,female,2,own,rich,,960,15,furniture/equipment,0.11609048664239852
44,male,2,own,quite rich,,1163,12,car,0.09944831787959774
47,male,3,own,little,moderate,1209,6,car,0.20710409877172398
52,male,2,own,little,,3077,12,radio/TV,0.10401557410670947
62,female,2,free,little,,3757,24,car,0.35332187005198823
35,male,1,rent,moderate,,1418,10,car,0.24023455508349323
26,male,2,rent,little,,3518,6,car,0.26878069135198857
26,male,2,own,little,,1934,12,radio/TV,0.15064774337883713
42,female,3,free,little,moderate,8318,27,business,0.553784116668947
27,female,2,own,moderate,,1237,6,radio/TV,0.13990748436820288
38,male,2,own,,moderate,368,6,radio/TV,0.1615646704837923
39,male,1,rent,little,little,2122,12,car,0.27581142261464997
20,male,2,own,,little,2996,24,furniture/equipment,0.33002028146517715
29,male,3,rent,moderate,moderate,9034,36,furniture/equipment,0.5807203128798581
40,male,2,own,little,,1585,24,furniture/equipment,0.2633124868730736
32,male,1,own,little,moderate,1301,18,radio/TV,0.25138835784139135
28,male,2,own,moderate,rich,1323,6,car,0.14972819583914
27,female,2,own,little,little,3123,24,car,0.3750446636234357
42,male,2,free,little,little,5493,36,car,0.4563601705977983
49,male,2,own,moderate,rich,1126,9,radio/TV,0.07980885749574052
38,male,2,own,moderate,moderate,1216,24,radio/TV,0.23577225416804737
24,female,2,rent,little,little,1207,24,car,0.5037725069508971
27,male,1,own,,,1309,10,car,0.21177840153460592
36,male,2,own,quite rich,rich,2360,15,car,0.11673450878390634
34,male,3,own,moderate,moderate,6850,15,car,0.269208053539465
28,male,2,own,little,,1413,24,radio/TV,0.20987707316594506
45,male,3,own,moderate,,8588,39,car,0.30960640060235045
26,male,2,own,little,little,759,12,car,0.22277406318393123
32,male,3,free,little,,4686,36,car,0.4908881854493953
26,male,2,rent,little,rich,2687,15,business,0.31084695964728204
20,male,2,rent,little,moderate,585,12,radio/TV,0.3395444615580415
54,male,2,own,,,2255,24,car,0.21898527998572392
37,female,2,own,little,little,609,6,car,0.21092017025770693
40,male,1,own,little,little,1361,6,car,0.15842702473212267
23,female,2,rent,little,,7127,36,furniture/equipment,0.6146800779686044
43,male,2,own,moderate,little,1203,6,car,0.127470131437189
36,male,2,free,,,700,6,radio/TV,0.16361712911809834
44,male,2,free,little,,5507,24,repairs,0.42691823783012717
24,female,2,own,little,little,3190,18,radio/TV,0.23922203831199895
53,male,2,free,little,little,7119,48,furniture/equipment,0.5231062609053364
23,female,2,own,moderate,,3488,24,car,0.34826719304997167
26,female,1,own,little,moderate,1113,18,radio/TV,0.33894049109026214
30,male,2,own,little,moderate,7966,26,car,0.4176739417107035
31,female,2,own,moderate,,1532,15,education,0.3151220869453074
42,male,1,own,little,,1503,4,radio/TV,0.09513843387798016
31,male,2,rent,little,little,2302,36,radio/TV,0.38494956043865114
41,male,1,own,little,little,662,6,car,0.15649291090582917
32,male,2,own,little,moderate,2273,36,education,0.5775586085636668
28,female,2,rent,moderate,moderate,2631,15,car,0.48298333689668016
41,male,2,rent,little,,1503,12,car,0.2647123572324519
26,male,2,own,moderate,,1311,24,radio/TV,0.1864850485368622
25,male,2,own,,,3105,24,radio/TV,0.2173816756537691
33,male,2,rent,little,rich,2319,21,education,0.4202319366847995
75,female,3,own,,little,1374,6,car,0.12324173037451736
37,female,2,own,little,moderate,3612,18,furniture/equipment,0.4047550786304409
42,male,3,free,little,little,7763,48,car,0.5571162984609034
45,female,1,own,little,rich,3049,18,furniture/equipment,0.261960569639508
23,male,2,rent,little,moderate,1534,12,radio/TV,0.328246623366403
60,male,2,free,little,,2032,24,car,0.29036045231003116
31,male,2,own,,little,6350,30,furniture/equipment,0.3370328072252665
34,male,1,own,little,rich,2864,18,furniture/equipment,0.2345600645983914
61,male,1,own,little,,1255,12,car,0.1427778990174452
43,male,2,free,little,little,1333,24,car,0.350552445775806
37,female,2,own,little,,2022,24,car,0.3384784110688397
32,male,2,own,little,,1552,24,radio/TV,0.19928179663738554
24,female,1,own,little,little,626,12,radio/TV,0.20698243361309465
35,male,2,free,,,8858,48,car,0.590406660626831
23,female,2,own,,,996,12,repairs,0.3710066979118939
45,male,1,own,quite rich,,1750,6,radio/TV,0.05263161316057274
34,male,2,own,little,little,6999,48,radio/TV,0.36222683098392283
27,male,2,own,moderate,moderate,1995,12,car,0.27739328944449126
67,female,3,own,little,moderate,1199,9,education,0.282847720394268
22,male,2,own,little,moderate,1331,12,radio/TV,0.23646897636967168
28,female,2,own,moderate,moderate,2278,18,car,0.3938417111052641
29,female,2,own,,,5003,21,car,0.3416029493874666
27,male,2,own,little,little,3552,24,furniture/equipment,0.30517316237228764
31,male,1,own,little,moderate,1928,18,furniture/equipment,0.3578216322691361
49,male,2,free,,little,2964,24,car,0.32792284158184937
24,male,1,rent,little,little,1546,24,radio/TV,0.31795751630919067
29,female,2,own,little,rich,683,6,radio/TV,0.15146807211876367
37,male,2,free,,moderate,12389,36,car,0.5941616948741651
37,male,3,own,,moderate,4712,24,business,0.35351306717739306
23,female,2,rent,moderate,moderate,1553,24,radio/TV,0.4661685515882732
36,male,2,own,little,little,1372,12,car,0.1957620370388139
34,male,2,own,rich,,2578,24,radio/TV,0.06982011474736083
41,male,2,own,,moderate,3979,48,radio/TV,0.45489438106965974
31,female,2,own,little,little,6758,48,radio/TV,0.45239778027054744
23,female,1,rent,little,little,3234,24,furniture/equipment,0.5165740890942551
38,male,2,own,little,,5954,30,radio/TV,0.21743597873874887
26,female,3,rent,,,5433,24,car,0.48689555004260954
22,female,1,own,little,little,806,15,business,0.31155607574898014
27,male,1,own,little,moderate,1082,9,radio/TV,0.20816790775679783
24,female,2,own,little,,2788,15,furniture/equipment,0.3158009333375408
27,female,2,own,little,moderate,2930,12,radio/TV,0.28266512515204223
33,female,2,own,,,1927,24,education,0.4247455868323631
27,male,2,own,little,moderate,2820,36,car,0.522672259551968
27,male,1,own,little,,937,24,education,0.376584160714597
30,male,2,own,little,moderate,1056,18,car,0.35289446270667313
49,male,1,own,little,moderate,3124,12,car,0.2476572395846911
26,female,2,rent,little,,1388,9,furniture/equipment,0.3665291246971427
33,male,1,rent,little,moderate,2384,36,repairs,0.6985955506112986
52,female,3,free,,,2133,12,car,0.28924038854064005
20,female,2,rent,little,little,2039,18,furniture/equipment,0.46875223384686493
36,male,2,rent,little,little,2799,9,car,0.2587669786663763
21,male,1,own,little,little,1289,12,furniture/equipment,0.24414808672889843
47,male,1,own,little,little,1217,18,domestic appliances,0.24330003672183398
60,male,2,own,little,little,2246,12,furniture/equipment,0.14314486420508366
58,female,1,own,little,little,385,12,radio/TV,0.13085104750251952
42,female,2,rent,,moderate,1965,24,car,0.5530311243116957
36,female,1,own,rich,,1572,21,business,0.12262629727632746
20,female,1,rent,little,moderate,2718,24,car,0.6440301431869961
40,male,3,own,,little,1358,24,vacation/others,0.23708183544749029
32,female,1,own,moderate,moderate,931,6,car,0.28851558829621415
23,female,2,rent,little,little,1442,24,car,0.5076857368106594
36,male,1,own,little,moderate,4241,24,business,0.36918794014920275
31,male,2,own,little,,2775,18,car,0.24643418930107985
32,male,2,free,little,,3863,24,business,0.37474828276045724
45,female,2,own,little,moderate,2329,7,radio/TV,0.19737847232915873
30,female,2,own,little,moderate,918,9,furniture/equipment,0.35609959192339036
34,female,1,free,little,moderate,1837,24,education,0.6619147052001118
28,female,3,own,little,,3349,36,furniture/equipment,0.4742201472624086
23,female,2,own,little,rich,1275,10,furniture/equipment,0.2707850710997408
22,male,2,own,quite rich,little,2828,24,furniture/equipment,0.19760005732907326
74,male,3,own,little,,4526,24,business,0.15527702397619747
50,female,2,free,moderate,moderate,2671,36,radio/TV,0.4654263750109605
33,male,2,own,little,,2051,18,radio/TV,0.1644238347123913
45,male,2,free,,,1300,15,car,0.27383995276120876
22,female,2,own,moderate,little,741,12,domestic appliances,0.30452751386048493
48,female,1,free,moderate,rich,1240,10,car,0.25161794814118554
29,female,2,own,rich,little,3357,21,radio/TV,0.0916660262693525
22,female,2,rent,little,little,3632,24,car,0.5104650623893471
22,female,2,own,little,,1808,18,furniture/equipment,0.34757853510798065
48,male,3,own,,moderate,12204,48,business,0.51771787223133
27,male,3,free,,moderate,9157,60,radio/TV,0.714685896143372
37,male,2,rent,little,little,3676,6,car,0.23516281898767244
21,female,2,rent,moderate,moderate,3441,30,furniture/equipment,0.6460360095017013
49,male,1,own,little,,640,12,car,0.1684602023889804
27,male,2,own,little,moderate,3652,21,business,0.37224020666905555
32,male,2,own,little,,1530,18,car,0.24397032530749152
38,male,2,own,,,3914,48,business,0.44676575310162014
22,female,2,rent,little,little,1858,12,furniture/equipment,0.40741499090086497
65,male,2,free,little,little,2600,18,radio/TV,0.15832942271381756
35,male,2,own,,,1979,15,radio/TV,0.1459568161301915
41,male,2,own,little,rich,2116,6,furniture/equipment,0.14744546882325005
29,male,2,own,moderate,moderate,1437,9,car,0.25024640511201945
36,male,2,own,quite rich,,4042,42,furniture/equipment,0.27321015302862506
64,male,1,own,,,3832,9,education,0.16056803630867644
28,female,2,own,little,little,3660,24,radio/TV,0.26789826297153785
44,male,2,own,little,little,1553,18,furniture/equipment,0.2123068658794912
23,male,2,own,,moderate,1444,15,radio/TV,0.25353721904381255
19,female,2,rent,little,,1980,9,furniture/equipment,0.39290712496639035
25,female,1,own,little,moderate,1355,24,car,0.5105930786146917
47,male,2,own,little,,1393,12,education,0.215936577621877
28,female,2,own,quite rich,,1376,24,radio/TV,0.15959113696130334
21,male,2,own,little,,15653,60,radio/TV,0.5149638763623063
34,female,2,own,little,,1493,12,radio/TV,0.17762208137977464
26,male,2,own,little,little,4370,42,radio/TV,0.34354370002000467
27,female,0,own,little,little,750,18,education,0.4084730218418079
38,male,1,own,little,moderate,1308,15,repairs,0.38416337700128234
40,male,3,own,moderate,,4623,15,education,0.217527351482401
33,male,2,own,little,,1851,24,radio/TV,0.19659981165145912
32,male,3,own,little,little,1880,18,radio/TV,0.16322898978109945
27,male,2,rent,,,7980,36,business,0.49816258562680915
32,male,2,own,little,little,4583,30,furniture/equipment,0.33433406649953856
26,female,2,own,quite rich,,1386,12,car,0.16984590170987413
38,male,2,free,little,rich,947,24,car,0.3564837629990988
40,male,1,rent,little,little,684,12,education,0.3370518931644487
50,male,3,free,little,little,7476,48,education,0.5992332974820167
37,male,1,own,little,moderate,1922,12,furniture/equipment,0.2891439114288442
45,male,2,own,little,little,2303,24,car,0.24491850156766404
42,male,3,own,moderate,moderate,8086,36,car,0.4085977756535595
35,male,2,own,little,,2346,24,car,0.27607820141333983
22,male,2,free,little,little,3973,14,car,0.34409936115072637
41,male,1,own,little,moderate,888,12,car,0.27361463379101936
37,male,2,own,,,10222,48,radio/TV,0.34937511372318486
28,female,2,own,little,moderate,4221,30,business,0.5279007205374449
41,male,2,own,little,moderate,6361,18,furniture/equipment,0.31379592317076055
23,male,2,rent,little,rich,1297,12,radio/TV,0.22050721997571887
23,male,2,own,,little,900,12,car,0.2312440698759326
50,male,2,own,little,,2241,21,furniture/equipment,0.2139785735814369
35,male,3,own,little,moderate,1050,6,furniture/equipment,0.24355473653449178
50,female,1,own,little,rich,1047,6,education,0.2209931385488122
27,male,3,own,little,,6314,24,vacation/others,0.2749525622041621
34,male,2,own,rich,moderate,3496,30,furniture/equipment,0.19921319170817842
27,female,2,own,little,,3609,48,business,0.5721740202505907
43,male,2,rent,little,little,4843,12,car,0.2569724410697477
47,male,2,own,little,rich,3017,30,radio/TV,0.186092516723379
27,male,1,own,moderate,,4139,24,business,0.25714847225687876
31,male,2,own,moderate,,5742,36,business,0.32747567063259564
42,male,3,own,little,,10366,60,car,0.5458325432280777
24,male,2,own,quite rich,,2080,6,car,0.10919188541980851
41,male,1,own,quite rich,,2580,21,business,0.13307189593418578
26,female,3,rent,little,,4530,30,radio/TV,0.42310504840212415
33,male,2,own,little,,5150,24,furniture/equipment,0.28420666535856776
24,male,2,own,moderate,moderate,5595,72,radio/TV,0.6858666511744015
64,male,1,rent,little,little,2384,24,radio/TV,0.1957423448694815
26,female,2,own,little,,1453,18,radio/TV,0.23409680467536198
56,female,2,own,little,,1538,6,education,0.20955597281312355
37,male,2,free,,,2279,12,radio/TV,0.192492994507234
33,male,2,own,little,,1478,15,radio/TV,0.15019034964037392
47,male,2,free,little,,5103,24,radio/TV,0.23732760045718637
31,male,1,own,moderate,moderate,9857,36,business,0.4470357285523291
34,male,2,free,,,6527,60,car,0.6947260242929785
27,male,2,own,,rich,1347,10,radio/TV,0.13321576749148933
30,male,2,free,moderate,moderate,2862,36,car,0.5833908563811003
35,male,2,own,moderate,,2753,9,radio/TV,0.10284764956364023
31,male,2,own,rich,little,3651,12,car,0.07577637343447463
25,male,2,own,little,little,975,15,furniture/equipment,0.24774081889227673
25,female,1,own,moderate,moderate,2631,15,repairs,0.47033513750104383
29,male,2,own,moderate,moderate,2896,24,radio/TV,0.2622909393742243
44,male,1,own,,little,4716,6,car,0.14898807268225644
28,male,2,own,little,,2284,24,radio/TV,0.2095422899172582
50,male,2,rent,quite rich,,1236,6,car,0.1144992399075927
29,male,2,own,little,moderate,1103,12,radio/TV,0.21669888185479824
38,female,0,own,little,,926,12,car,0.2557536257085785
24,male,2,own,little,,1800,18,radio/TV,0.18553448749826962
40,male,3,rent,little,rich,1905,15,education,0.33690703395228294
29,female,1,rent,quite rich,,1123,12,furniture/equipment,0.24558543210109995
46,male,2,free,little,little,6331,48,car,0.5481767296507716
47,female,2,free,moderate,rich,1377,24,radio/TV,0.25557315871874553
41,male,2,own,moderate,moderate,2503,30,business,0.3542415313259861
32,female,2,own,little,moderate,2528,27,business,0.4855243792033589
35,female,2,free,quite rich,,5324,15,car,0.23898522098661812
24,male,2,own,moderate,moderate,6560,48,car,0.5952589979558875
25,female,2,rent,little,moderate,2969,12,furniture/equipment,0.5163330192760391
25,female,2,own,little,moderate,1206,9,radio/TV,0.26822533965171
37,male,1,own,little,moderate,2118,9,radio/TV,0.18236471541956722
32,male,3,own,quite rich,,629,18,radio/TV,0.09172491027265905
35,female,2,free,little,little,1198,6,education,0.3747305765204918
46,male,3,own,,,2476,21,car,0.2181322265461385
25,male,1,own,little,little,1138,9,radio/TV,0.14246955923339322
27,male,3,own,little,moderate,14027,60,car,0.7129082510269387
63,male,2,own,,,7596,30,car,0.22930326636453724
40,male,2,own,,,3077,30,radio/TV,0.21309003813601624
32,male,3,free,little,,1505,18,radio/TV,0.23886939316606182
31,male,2,own,,rich,3148,24,radio/TV,0.19243999714100934
31,male,2,own,moderate,moderate,6148,20,car,0.3226053957128753
34,male,3,own,little,rich,1337,9,radio/TV,0.11427782102640371
24,female,2,rent,rich,moderate,433,6,education,0.26763591651854035
24,female,1,own,little,little,1228,12,car,0.29580060238605443
66,female,1,own,quite rich,moderate,790,9,radio/TV,0.09088947242680134
21,female,2,rent,little,,2570,27,car,0.5422225032709119
41,female,1,own,rich,,250,6,car,0.07433548355980513
47,male,1,own,quite rich,,1316,15,radio/TV,0.06943031231609853
25,female,2,rent,little,little,1882,18,radio/TV,0.3323813053406509
59,female,2,rent,little,moderate,6416,48,business,0.6747372800516882
36,male,2,own,rich,rich,1275,24,business,0.09404928604093177
33,male,2,own,little,moderate,6403,24,radio/TV,0.2835244948638852
21,male,1,rent,little,little,1987,24,radio/TV,0.32836334784099463
44,female,1,own,little,moderate,760,8,radio/TV,0.21059415429170913
28,female,2,rent,rich,,2603,24,car,0.22849398389860942
37,female,2,own,little,,3380,4,car,0.19808228505025938
29,female,0,own,,moderate,3990,36,domestic appliances,0.6559189512647555
23,female,3,rent,little,moderate,11560,24,car,0.6161301854483812
35,male,1,own,moderate,little,4380,18,car,0.2073607131219135
45,male,3,own,little,,6761,6,car,0.14013842526970843
26,female,1,rent,moderate,moderate,4280,30,business,0.6134883811452407
32,male,2,own,moderate,little,2325,24,car,0.25061524078077646
23,male,1,own,little,moderate,1048,10,radio/TV,0.22533008586900205
41,male,2,own,,,3160,21,radio/TV,0.16123294156792267
22,male,2,own,quite rich,little,2483,24,furniture/equipment,0.19772695177608168
30,male,3,own,,little,14179,39,furniture/equipment,0.406722767110965
28,male,1,own,little,little,1797,13,business,0.21578036433543235
23,female,2,rent,little,little,2511,15,car,0.4260403286468094
37,female,1,own,little,little,1274,12,car,0.2538688576254584
26,male,2,own,,,5248,21,car,0.2821761489311482
33,male,2,own,little,,3029,15,car,0.22106439353425822
49,female,2,own,little,little,428,6,furniture/equipment,0.18258120862521832
23,female,1,own,little,little,976,18,car,0.34681612155511643
23,female,1,rent,moderate,moderate,841,12,business,0.4665482613112626
25,female,2,own,little,,5771,30,radio/TV,0.3221125307309589
55,male,2,free,rich,,1555,12,repairs,0.11280409944355729
32,female,2,rent,,little,1285,24,car,0.47135860361418547
74,male,0,own,little,rich,1299,6,car,0.09524078251370327
39,male,2,free,,rich,1271,15,radio/TV,0.19605541990655828
31,male,2,own,little,,1393,24,car,0.28966970887139953
35,male,2,own,little,little,691,12,car,0.19857637013668505
59,female,2,own,,,5045,15,car,0.2042750730640409
24,female,2,rent,little,little,2124,18,furniture/equipment,0.4526048260547051
24,male,1,own,little,little,2214,12,radio/TV,0.15809647635917423
30,male,3,free,,,12680,21,car,0.3620656805639706
27,male,2,own,moderate,,2463,24,car,0.2660701620845429
40,male,1,own,little,moderate,1155,12,radio/TV,0.19185357386736934
31,male,1,own,little,little,3108,30,furniture/equipment,0.34440896874503135
31,female,2,rent,,,2901,10,car,0.3521041159644144
28,male,2,rent,little,moderate,3617,12,furniture/equipment,0.42303825668385164
63,male,1,own,little,,1655,12,radio/TV,0.09087759544024732
26,female,2,rent,,little,2812,24,car,0.4947421536189116
25,female,3,own,little,little,8065,36,education,0.5552186579935892
36,male,3,own,little,,3275,21,car,0.24667286129441734
52,male,2,own,moderate,,2223,24,radio/TV,0.1305243906954986
66,male,0,free,quite rich,rich,1480,12,car,0.10995782842666635
25,female,2,rent,,little,1371,24,car,0.499627473495173
37,male,2,own,little,,3535,36,car,0.3625988951063108
25,female,2,own,little,little,3509,18,radio/TV,0.23615269634900526
38,male,3,own,rich,,5711,36,car,0.1449768395823583
67,female,2,own,little,moderate,3872,18,repairs,0.36850124391653205
25,male,2,own,little,moderate,4933,39,radio/TV,0.4377700937293424
60,male,2,own,rich,,1940,24,car,0.0736487471125068
31,male,1,own,little,moderate,1410,12,education,0.3742960509478902
23,female,1,own,moderate,moderate,836,12,car,0.368407223019784
60,male,3,own,,moderate,6468,20,car,0.2577484967667558
35,male,1,own,rich,moderate,1941,18,business,0.13060927860472837
40,male,2,own,quite rich,,2675,22,radio/TV,0.09476781326156036
38,male,2,own,,,2751,48,car,0.4642041734226374
50,male,2,free,little,moderate,6224,48,education,0.7153860035505193
27,male,2,own,little,little,5998,40,education,0.5097349200718446
39,female,2,own,little,moderate,1188,21,business,0.40474348942760974
41,male,3,own,,,6313,24,car,0.25054289648989014
27,male,2,own,,,1221,6,furniture/equipment,0.18694873531736955
51,male,2,free,little,rich,2892,24,furniture/equipment,0.31187715151351525
32,male,2,rent,quite rich,,3062,24,furniture/equipment,0.25138787563235854
22,female,2,rent,moderate,,2301,9,furniture/equipment,0.33974369727445597
51,male,2,free,,little,7511,18,car,0.27327532018009215
22,female,1,rent,little,,1258,12,furniture/equipment,0.413879260059447
54,male,2,own,,,717,24,car,0.21959594923718806
35,male,0,own,,moderate,1549,9,car,0.27605059289568623
54,male,2,free,little,,1597,24,education,0.3790258318790801
48,female,1,rent,little,moderate,1795,18,radio/TV,0.36509425729131406
24,female,2,own,little,little,4272,20,furniture/equipment,0.355418421757418
35,male,2,own,,,976,12,radio/TV,0.1331824477493847
24,female,0,rent,,moderate,7472,12,car,0.5268086767999864
24,male,2,own,little,little,9271,36,car,0.4093135177399755
26,male,1,own,little,moderate,590,6,radio/TV,0.19349990534691786
65,male,2,own,,,930,12,radio/TV,0.08635274653637459
55,male,3,free,little,moderate,9283,42,car,0.5717531135521262
26,female,0,rent,little,moderate,1778,15,car,0.5490682745591342
26,male,2,own,little,moderate,907,8,business,0.27460920548920786
28,male,1,own,little,moderate,484,6,radio/TV,0.18853137349547233
24,male,2,own,little,little,9629,36,car,0.40911279160655933
54,male,2,own,little,little,3051,48,domestic appliances,0.4526406926116189
46,male,2,free,little,little,3931,48,car,0.5495549649343151
54,female,2,rent,little,moderate,7432,36,car,0.6084735472452996
62,male,2,own,quite rich,,1338,6,domestic appliances,0.07588725426878173
24,female,2,rent,little,,1554,6,radio/TV,0.24684162193527204
43,male,3,own,little,little,15857,36,vacation/others,0.3066310857697817
26,male,2,own,little,little,1345,18,radio/TV,0.18084452722724254
27,male,2,own,little,,1101,12,car,0.21984562161139065
24,male,2,own,little,rich,3016,12,radio/TV,0.1473446096938812
41,male,2,own,little,little,2712,36,furniture/equipment,0.35147063283491986
47,male,1,own,little,little,731,8,car,0.15324040368020764
35,male,3,own,little,,3780,18,furniture/equipment,0.23223050244299226
30,male,2,own,little,little,1602,21,car,0.27090474594490555
33,female,2,rent,little,little,3966,18,car,0.4122585296592116
36,male,2,own,little,,4165,18,business,0.21933145331792936
47,male,2,free,,little,8335,36,car,0.43472562367772416
38,male,2,free,,moderate,6681,48,business,0.678234159405362
44,male,2,own,quite rich,,2375,24,business,0.1371996087402082
23,female,2,rent,little,little,1216,18,car,0.45356965446871456
29,male,2,rent,little,little,11816,45,business,0.5689687523186175
42,female,2,own,,moderate,5084,24,radio/TV,0.3220817068304954
25,female,1,own,little,rich,2327,15,radio/TV,0.21239731385709437
48,male,2,own,little,little,1082,12,car,0.16704399031008565
21,female,2,own,,,886,12,radio/TV,0.21072959286467152
23,female,1,rent,little,,601,4,furniture/equipment,0.3423893409095059
63,male,2,own,little,little,2957,24,car,0.1948155452778919
46,male,2,own,little,,2611,24,radio/TV,0.16519849690183197
29,male,2,own,little,little,5179,36,furniture/equipment,0.3955834643747652
28,male,1,own,little,,2993,21,car,0.28180130920196855
23,female,2,own,little,,1943,18,repairs,0.42248773046523147
50,male,2,own,little,,1559,24,business,0.21877896512780737
47,male,2,own,little,,3422,18,furniture/equipment,0.20358923190125933
35,male,2,own,,moderate,3976,21,furniture/equipment,0.3610207069134831
68,male,2,rent,,,6761,18,car,0.22206259280907414
28,male,2,own,little,,1249,24,car,0.2998411200385077
59,male,2,own,little,little,1364,9,radio/TV,0.08536617717947093
57,male,1,own,little,little,709,12,radio/TV,0.09943019361616756
33,male,2,rent,little,little,2235,20,car,0.3535025818649312
43,male,2,own,,,4042,24,car,0.2502023929633268
35,male,2,free,little,,1471,15,radio/TV,0.21570827132801418
32,male,1,free,little,little,1442,18,car,0.34731277283488193
45,male,2,own,little,,10875,36,car,0.3294385600231341
33,male,2,own,moderate,,1474,24,car,0.24795290654658786
40,female,2,own,,,894,10,education,0.2845727574728393
28,male,2,free,little,,3343,15,furniture/equipment,0.33399942489763423
29,female,2,own,little,little,3959,15,car,0.29499108341923397
26,male,2,rent,moderate,,3577,9,car,0.25498984491462606
27,male,2,own,rich,,5804,24,car,0.11854247380971872
28,male,2,own,little,,2169,18,business,0.2431775424391205
35,female,2,own,little,little,2439,24,radio/TV,0.2467761285803396
32,male,1,own,rich,,4526,27,furniture/equipment,0.12610483656129234
25,male,1,rent,little,,2210,10,furniture/equipment,0.31070307745078674
20,female,2,rent,quite rich,,2221,15,furniture/equipment,0.2899558935331248
27,female,2,own,little,little,2389,18,radio/TV,0.23081909704755454
42,male,2,own,little,,3331,12,furniture/equipment,0.18237678695214599
37,male,2,own,,,7409,36,business,0.3450865860422401
24,female,2,rent,little,little,652,12,furniture/equipment,0.4002880106284191
40,female,2,own,quite rich,,7678,36,furniture/equipment,0.2801755689101342
46,male,2,own,little,rich,1343,6,car,0.13606101888527278
26,male,2,own,moderate,little,1382,24,business,0.25662830684476623
24,female,2,own,,,874,15,domestic appliances,0.36128494604357253
29,male,1,own,little,little,3590,12,furniture/equipment,0.22011306882823123
40,female,2,own,rich,moderate,1322,11,car,0.13457938031196437
36,male,3,free,little,little,1940,18,radio/TV,0.22711089174726407
28,male,2,own,little,,3595,36,radio/TV,0.2899407023994701
27,male,3,free,little,little,1422,9,car,0.2835835578567357
36,male,2,own,,,6742,30,radio/TV,0.22268305752554773
38,male,3,own,little,,7814,24,car,0.25910992753544226
48,male,2,free,,,9277,24,car,0.32826649500202665
36,male,2,own,,moderate,2181,30,car,0.4326383225969356
65,female,0,own,little,,1098,18,radio/TV,0.1460825723611805
43,male,2,own,little,moderate,4057,24,furniture/equipment,0.356184946222164
53,female,2,own,little,little,795,12,education,0.2573566437432072
34,male,2,own,,moderate,2825,24,business,0.3716051178309262
23,male,2,own,little,moderate,15672,48,business,0.6208550086263154
34,male,3,own,little,,6614,36,car,0.36633748099084507
40,male,2,rent,,,7824,28,car,0.3917399426491094
43,male,3,own,little,little,2442,27,business,0.2538849096554361
46,male,2,own,little,,1829,15,radio/TV,0.12515170581298296
38,male,1,own,little,little,2171,12,car,0.1943592655539199
34,male,2,own,little,moderate,5800,36,car,0.49261042083996553
29,male,2,own,,,1169,18,radio/TV,0.17381485278813835
31,male,3,own,,,8947,36,car,0.3764198802335471
28,female,3,rent,little,little,2606,21,radio/TV,0.3397813082640567
35,female,2,own,rich,,1592,12,furniture/equipment,0.0978615218223301
33,female,1,rent,,,2186,15,furniture/equipment,0.3966266466508864
42,male,2,own,little,little,4153,18,furniture/equipment,0.21675027501763067
43,male,2,rent,little,little,2625,16,car,0.28667214250315853
44,male,2,own,,,3485,20,car,0.2214114911776861
42,male,2,free,,,10477,36,car,0.4534939231436991
40,male,2,rent,,,1386,15,radio/TV,0.20203650395680672
36,male,3,own,little,,1278,24,radio/TV,0.18538618814224805
20,male,3,rent,little,little,1107,12,radio/TV,0.2345044660959812
24,male,1,own,,little,3763,21,car,0.29472823248605073
27,male,2,own,,moderate,3711,36,education,0.5963848911726863
46,female,1,own,little,,3594,15,car,0.24591836484801566
33,female,1,own,,moderate,3195,9,car,0.346307938479988
34,female,2,own,little,,4454,36,radio/TV,0.33865381050045595
25,female,1,own,little,moderate,4736,24,furniture/equipment,0.5122349877238349
25,female,2,own,,moderate,2991,30,radio/TV,0.43870024749048775
28,male,2,own,rich,,2142,11,business,0.07222899645647196
31,male,2,rent,little,little,3161,24,business,0.3784743934945414
32,female,3,own,little,moderate,18424,48,vacation/others,0.6475176139016787
32,male,2,own,moderate,,2848,10,car,0.1674078556891424
68,male,3,own,little,little,14896,6,car,0.09924791754566353
33,male,2,own,moderate,little,2359,24,furniture/equipment,0.25026484307605834
39,male,3,rent,little,little,3345,24,furniture/equipment,0.3613887863641435
28,female,2,own,little,,1817,18,furniture/equipment,0.32587066325350367
37,male,3,own,quite rich,,12749,48,radio/TV,0.2117807102615542
22,female,2,rent,little,little,1366,9,radio/TV,0.2740981203939554
30,male,2,rent,little,moderate,2002,12,car,0.41256295268536547
55,male,2,own,little,little,6872,24,furniture/equipment,0.21685566281898516
46,male,2,own,little,little,697,12,car,0.17172788202876987
21,female,2,rent,little,little,1049,18,furniture/equipment,0.4652913571040701
39,male,2,free,little,little,10297,48,car,0.5738334872581714
58,male,2,own,,,1867,30,radio/TV,0.16865438471127447
43,male,1,own,little,little,1344,12,car,0.18227464606158572
24,male,1,own,little,little,1747,24,furniture/equipment,0.3219820592972189
22,female,2,own,little,moderate,1670,9,radio/TV,0.27765549018339786
30,male,2,own,little,,1224,9,car,0.19400158215804197
42,male,2,own,quite rich,,522,12,radio/TV,0.06619180733700425
23,female,2,own,little,little,1498,12,radio/TV,0.20515966644954187
30,male,3,own,moderate,moderate,1919,30,radio/TV,0.2982132260393636
28,female,1,own,little,rich,745,9,radio/TV,0.1717900157971045
30,male,3,rent,little,moderate,2063,6,radio/TV,0.2547190870377194
42,male,2,free,little,moderate,6288,60,education,0.8155065562252197
46,male,3,own,,,6842,24,car,0.2354216858377034
45,male,3,own,,,3527,12,car,0.16950874310357966
31,male,1,own,little,,1546,10,car,0.20107505701519857
31,male,2,own,,,929,24,furniture/equipment,0.2928669797213438
42,male,1,own,little,,1455,4,car,0.14490850049017812
46,female,2,rent,little,little,1845,15,furniture/equipment,0.341937979671723
30,female,2,own,quite rich,moderate,8358,48,car,0.5321231035601651
30,male,2,free,quite rich,little,3349,24,furniture/equipment,0.25778131578057895
38,male,3,own,,,2859,12,car,0.18631065673896785
43,male,1,own,little,,1533,18,furniture/equipment,0.2193410687096048
31,male,2,own,moderate,,3621,24,radio/TV,0.17373692768639615
40,male,0,own,little,moderate,3590,18,business,0.31191082373386925
24,male,2,own,little,little,2145,36,business,0.3970197450911963
28,female,2,rent,quite rich,moderate,4113,24,car,0.44361248483711224
26,female,3,own,little,,10974,36,furniture/equipment,0.47789072967311297
29,female,2,own,little,little,1893,12,car,0.27383777333366965
57,female,3,rent,rich,little,1231,24,radio/TV,0.10101427736199176
49,male,1,own,,rich,3656,30,radio/TV,0.1847990127482585
37,male,1,own,little,moderate,1154,9,radio/TV,0.18269831562424166
45,male,1,own,little,little,4006,28,car,0.2769758168024612
30,male,2,free,moderate,moderate,3069,24,furniture/equipment,0.4789090589819194
30,male,2,rent,little,,1740,6,radio/TV,0.1767205504498941
47,male,2,own,little,moderate,2353,21,car,0.3151856801514362
29,male,2,own,,,3556,15,car,0.2322060472224411
35,male,2,own,quite rich,,2397,24,radio/TV,0.10884365541137386
22,male,1,own,little,moderate,454,6,repairs,0.36888030581795905
26,female,2,own,,moderate,1715,30,radio/TV,0.43544250479541413
23,male,1,own,quite rich,moderate,2520,27,radio/TV,0.2170034824091882
54,female,3,rent,little,,3568,15,radio/TV,0.21328624506515692
29,male,2,rent,,,7166,42,radio/TV,0.44276572228012523
40,male,1,own,little,little,3939,11,car,0.18321962589361984
22,male,2,own,moderate,moderate,1514,15,repairs,0.396877463418877
43,male,1,own,little,,7393,24,car,0.25350869628857087
29,female,0,rent,little,little,1193,24,car,0.4961901778221728
36,male,2,rent,little,little,7297,60,business,0.6722862538066577
33,female,2,own,little,,2831,30,radio/TV,0.29590758753186286
57,female,1,own,quite rich,rich,1258,24,radio/TV,0.10326840698730788
64,female,2,own,little,moderate,753,6,radio/TV,0.14891186818042346
42,male,2,own,,moderate,2427,18,business,0.2949335457300253
47,male,1,own,little,,2538,24,car,0.2435109140028523
25,male,2,rent,moderate,moderate,1264,15,car,0.4153509334865956
49,male,2,own,little,moderate,8386,30,furniture/equipment,0.38185687067198504
33,male,3,rent,little,,4844,48,business,0.5774853512238833
28,female,3,own,moderate,rich,2923,21,car,0.28979501755958725
26,male,2,own,little,little,8229,36,car,0.4020844215337931
30,male,1,own,little,,2028,24,furniture/equipment,0.3010021965068491
25,female,2,rent,little,little,1433,15,furniture/equipment,0.4222575292877513
33,male,2,own,little,rich,6289,42,business,0.3984986315484276
64,female,2,own,moderate,,1409,13,radio/TV,0.1032079636030413
29,male,3,free,little,little,6579,24,car,0.3947721199367945
48,male,1,own,little,moderate,1743,24,radio/TV,0.24343839278042234
37,male,1,own,,,3565,12,education,0.2483890046381717
34,male,1,own,moderate,,1569,15,radio/TV,0.12963561346535424
23,male,1,rent,,little,1936,18,radio/TV,0.27579711055580025
30,male,3,own,little,little,3959,36,furniture/equipment,0.3863712496706484
50,male,2,own,,,2390,12,car,0.16217173110879313
31,female,1,own,little,,1736,12,furniture/equipment,0.27537064716374693
40,male,3,own,little,little,3857,30,car,0.29811392881292775
38,male,2,own,little,,804,12,radio/TV,0.12771557248728937
23,male,2,free,little,little,1845,45,radio/TV,0.4975792227177884
27,male,2,own,moderate,moderate,4576,45,car,0.5579845891384831
